G1,G2,rater1,rater2
Search for specific information or messages,Enable seamless and secure data transfer,NONE,NONE
Provide professional and relevant content experience,Get feedback from interviewees about company hiring processes,REFINED_BY,REFINES
Utilize job search functionalities,Use profile for job applications,NONE,REFINES
Upload a video or start a stream.,Publish a video after uploading it,REFINES,REFINES
Optimize user decision-making based on weather information.,Consider transportation options based on temperature.,REFINED_BY,REFINED_BY
Ensure data integrity and user privacy,Send a message to a colleague,NONE,REFINES
Improve coding proficiency overall,Participate in weekly contests for practice,REFINED_BY,REFINED_BY
Enhance user retention through personalized content and seamless navigation,Navigate with a smooth user experience,EQUIV,REFINED_BY
Secure the best flight experience,Save time by being familiar with the application’s user interface,NONE,NONE
Explore detailed radar maps for weather information.,Share unusual weather updates on social media.,REFINES,REFINES
Increase interaction quality between users,Send a personalized note with connection requests,REFINED_BY,REFINED_BY
Avoid being logged in to maintain privacy,Make sure flight details work for the schedule,NONE,NONE
Enable viewers to subscribe to content creators,Search using vague criteria to find meaningful results,NONE,REFINES
Facilitate organization of diverse content types,Save educational resources for future reference.,NONE,REFINED_BY
Avoid cycling when it's very cold.,Provide general weather update upon opening the application.,REFINES,NONE
Centralize communication features into a single application.,Communicate with peers and professors instantly,NONE,REFINES
Make informed clothing decisions based on weather forecasts.,Ensure safety by preparing for adverse weather conditions.,REFINES,REFINED_BY
Upload a video or start a stream.,Facilitate user-friendly content discovery through advanced search features,NONE,NONE
Enhance coding abilities through structured practice,Prepare better for job interviews by practicing.,REFINES,REFINES
Scroll through a personalized newsfeed,Scroll through topics of interest,EQUIV,REFINES
Enhanced data privacy controls,Accept data being shared with other parties,REFINED_BY,REFINES
Find a good deal when booking flights,Compare multiple booking platforms simultaneously,REFINED_BY,REFINED_BY
Blacklist irrelevant job postings,Track the application status or employer responsiveness.,NONE,NONE
Prepare better for job interviews by practicing.,Practice using similar questions linked by category,REFINED_BY,REFINED_BY
Search for video content visually,Provide enhanced search and discovery features for user engagement.,REFINES,REFINES
Find a good deal when booking flights,Make sure flight details work for the schedule,REFINED_BY,NONE
Upload a video or start a stream.,Publish a video after uploading it,REFINES,REFINES
Expand content diversity to attract wide user demographics,Watch personalized content recommendations,NONE,NONE
Maintain user privacy while personalizing content.,Accept data being shared with other parties,REFINED_BY,REFINES
Facilitate Real-time and Asynchronous Communication,Communicate with peers and professors instantly,REFINED_BY,REFINES
Store books in online accounts,Read downloaded PDFs on a tablet,NONE,NONE
Ensure user privacy and security for job applications function,Keep application details private and avoid exposure to unintended parties.,REFINED_BY,REFINES
Access saved job listings,Access saved jobs,EQUIV,NONE
Use a music streaming feature made for discovering new songs,Discover new songs similar to ones heard online.,REFINES,REFINES
Enhance user decision-making with detailed weather data.,Adjust travel plans based on weather conditions.,REFINED_BY,REFINED BY
Manage professional identity,Access saved jobs,NONE,NONE
Organize reading materials effectively,Have a place to consolidate all reading materials,REFINED_BY,REFINED BY
Improve job search experience,View number of people entering the hiring process,NONE,REFINED BY
Communicate with friends and family,Backup and restore messages when changing phones,REFINED_BY,NONE
Receive job recommendations,Enhance user engagement with content,REFINES,NONE
Enhance search functionality to identify suitable professional contacts,Consider purchasing a premium membership to expand search capabilities,NONE,REFINED BY
Participate in weekly contests for practice,Explore new algorithms,NONE,REFINES
Postpone activities in case of extreme weather conditions.,Check weather forecasts for the entire week for trip planning.,REFINED_BY,NONE
Ensure optimal travel experience,Check direct airline websites for better pricing,NONE,NONE
Facilitate seamless and secure transactions,Scan QR codes for payment transactions,REFINED_BY,NONE
Use profile for job applications,Upload a resume,REFINED_BY,REFINED BY
Facilitate User Engagement with Tailored Content,Search for answers within communities.,REFINED_BY,REFINED BY
Engage with home-page feeds for interesting insights.,Scroll through a personalized newsfeed,REFINES,NONE
Ensure user data privacy and security,Get job updates that match personal skill set.,NONE,NONE
Receive job updates specific to domain and skill set,Enhance personalization and relevance of job matches,REFINES,REFINES
Facilitate social sharing and personalization,Create and use personal playlists,REFINED BY,REFINED BY
Provide comprehensive weather forecasting,Explore detailed radar maps for weather information.,REFINED_BY,REFINED BY
Expand professional network,Manage professional identity,NONE,NONE
Increase the number of connections on a professional networking platform,Improve connection request success rate,REFINED_BY,REFINED BY
Read content online,Have a place to consolidate all reading materials,NONE,NONE
Find good itineraries and pricing through research,Accommodate comparison of alternative routes and services,REFINED_BY,REFINED BY
Access saved job listings,Filter jobs by job titles or locations,NONE,NONE
Access saved job listings,Apply filters to job searches,NONE,NONE
Enhance Travel Convenience,Check connections with other modes of transport,NONE,NONE
Support various listening scenarios and contexts,Use a music streaming feature made for discovering new songs,REFINED_BY,REFINED BY
Personalize Job Search Experience,"Filter job listings based on role, company, and location.",REFINED_BY,REFINED BY
Utilize job search functionalities,Manage alert frequency,NONE,REFINED BY
Increase the number of connections on a professional networking platform,Enhance search functionality to identify suitable professional contacts,REFINED_BY,REFINED BY
Receive job notifications unless they complicate the notification tab,Receive job postings instantly when they are posted,REFINES,REFINES
Connect with known individuals,Enhance user engagement with content,NONE,NONE
Review application details,Submit job applications,REFINES,REFINES
Optimize user interface for effective job search,"Consider employee reviews, current work tasks, and tech stack in job postings.",REFINED_BY,NONE
Read news online,Access and read educational materials from a school portal.,NONE,NONE
Utilize weather forecasts to enhance activity planning.,Plan daily attire based on weather information,REFINED_BY,REFINES
Make video or audio calls more easily,Make the call feature more accessible,REFINED_BY,REFINED BY
Find good itineraries and pricing through research,Make sure flight details work for the schedule,REFINED_BY,REFINED BY
Time oneself on solving coding problems,Develop problem-solving and analytical skills through diverse techniques,NONE,NONE
Facilitate efficient content discovery and access,Navigate quickly to continue watching from where I left off,REFINED_BY,REFINED BY
Browse job postings,Enhance job search experience,REFINES,REFINES
Automatically transfer application details to the company's website.,Include a quick apply button on job postings.,REFINED_BY,REFINED BY
Provide comprehensive weather forecasting,Avoid cycling when it's very cold.,NONE,REFINES
Enhance user experience through personalized job recommendations,Track the application status or employer responsiveness.,NONE,NONE
Manage applications and notifications effectively.,"Consider employee reviews, current work tasks, and tech stack in job postings.",NONE,NONE
Enhance job search efficiency through personalized features,"Filter job listings based on role, company, and location.",REFINED_BY,REFINED BY
Enable personalized job search experiences,Define and match necessary skill set to job postings,REFINED_BY,REFINED BY
Export content easily to a drive or application,Read content online,NONE,NONE
View hourly weather details for planning daily activities.,Maintain flexibility in planning based on weather conditions,REFINES,REFINED BY
Navigate quickly to continue watching from where I left off,Support diverse media formats,NONE,NONE
Save time by being familiar with the application’s user interface,Ensure the flight booking is convenient,NONE,NONE
Organize reading materials effectively,Store books in online accounts,REFINED_BY,NONE
Ensure users can easily discover and access content,Enhance user engagement with personalized features,REFINES,REFINES
Have a place to consolidate all reading materials,Categorize reading material by time,REFINED_BY,NONE
Ensure high-quality user experience in content playback,Search for video content visually,REFINED_BY,REFINED BY
Receive frequent notifications about rain in real time.,Plan trips using weather forecasts.,REFINES,REFINES
Avoid being contacted by random people from other platforms.,Ensure Efficient Application Process,NONE,NONE
Receive job updates via professional emails.,Efficiently manage user-job interactions to improve engagement,REFINES,REFINES
Set job preferences,Indicate open to work status,REFINED_BY,REFINED BY
Prefer job postings matching criteria using AI features for identification.,Save or organize interesting job postings for later,NONE,NONE
Participate in weekly contests for practice,Participate in coding contests to improve reading and transformation skills.,REFINES,EQUIV
Time oneself on solving coding problems,Enhance coding abilities through structured practice,REFINES,NONE
Solve a specific problem through search,Seek technical help or input on a problem,REFINES,REFINES
Receive important international event updates.,Receive recommendations based on browsing history.,NONE,NONE
Centralize Communication and Information Sharing System,Make video or audio calls more easily,NONE,NONE
Search for a specific post,Get more targeted results for a problem,NONE,NONE
Find good itineraries and pricing through research,Book flights early for better prices,REFINED_BY,REFINED BY
Facilitate content discovery,Search for specific movie titles or shows,REFINED_BY,REFINED BY
Track the application status or employer responsiveness.,Have emails that are concise with necessary details and a direct apply button.,,NONE
Scroll through a personalized newsfeed,Scroll through topics of interest,,EQUIV
Stay updated with the industry,Review application details,,NONE
Enable viewers to subscribe to content creators,Ensure content moderation and policy compliance,,NONE
Manage user preferences,Accept data being shared with other parties,,REFINED BY
Enhance job search experience,Apply filters to job searches,,REFINED BY
Safeguard user privacy and data integrity,Receive job updates via professional emails.,,NONE
Facilitate Daily Planning Based on Weather Information,Check for rain forecasts to decide whether to bring an umbrella.,,REFINES
Increase the number of connections on a professional networking platform,Encourage platform investments to unlock advanced features,,NONE
Ensure Portability and Interoperability,Store books in online accounts,,NONE
Find good itineraries and pricing through research,Look out for better deals over weeks or days,,REFINED BY
Explore job opportunities,Indicate open to work status,,REFINED BY
Filter jobs by job titles or locations,Manage job application process,,NONE
Increase the number of connections on a professional networking platform,Utilize professional connections for career advancement,,REFINES
Save time by being familiar with the application’s user interface,Try to find the best price for a flight itinerary,,NONE
Maintain user privacy while accessing weather information.,Look for temperature and chance of rain when first opening the weather information.,,NONE
Find authentic answers to queries,Learn more about a particular topic,,REFINES
Improve content discovery and accessibility,Provide 24-hour notice before streaming begins,,NONE
Use a quick email feature to communicate formally,Reach a wide audience immediately using channels.,,FLASE
Connect with someone new,Add a personal message to connection requests,,REFINED BY
Research further on something interesting,Search for answers within communities.,,REFINED BY
Use weather information to determine if it's suitable for outdoor activities.,Look for temperature and chance of rain when first opening the weather information.,,REFINED BY
Submit job applications,Check news feed,,NONE
Avoid being contacted by random people from other platforms.,Keep application details private and avoid exposure to unintended parties.,,REFINED BY
Receive job updates specific to domain and skill set,Customize job search with keywords and roles,,REFINES
Support personalized audio session,Search for songs based on emotions or keywords,,REFINES
Manage applications and notifications effectively.,Navigate information about the tech stack more easily.,,NONE
Receive content on a machine seamlessly,Access content without interruptions,,REFINES
Enhance user engagement with platform features,Watch personalized content recommendations,,REFINED BY
Maintain user privacy through application settings,Set alerts for price changes on certain routes.,,NONE
Receive job notifications unless they complicate the notification tab,Ensure user privacy and security for job applications function,,NONE
Connect with people for job referrals when necessary.,Enhance application efficiency and tracking,,NONE
Enhance application efficiency and tracking,Enable personalized job search experiences,,REFINES
Enhance job search experience,Access saved jobs,,REFINED BY
Improve problem-solving skills,Discuss difficult problems with friends to understand the solution better.,,NONE
Enhance collaborative problem-solving skills,Practice coding skills to improve daily work performance,,NONE
Prevent some viewers from seeing unsuitable content.,"Provide a premium, uninterrupted viewing experience",,NONE
Read content online,Read news online,,REFINED BY
Enhance user experience through premium offerings,Search for people using a company name and school name,,REFINED BY
Facilitate User Engagement with Tailored Content,Scroll through topics of interest,,NONE
Use multiple communication tools together efficiently,Integrate communication tools into a single platform,,REFINED BY
Scan QR codes for payment transactions,Facilitate user-friendly interaction,,REFINES
Provide an Integrated Reading Experience,Save educational resources for future reference.,,NONE
Improve user engagement with personalized features,Search for people using a company name and school name,,NONE
Ensure the security and appropriateness of shared content,Enable viewers to subscribe to content creators,,NONE
Increase the number of connections on a professional networking platform,Filter potential connections based on employment status,,NONE
Explore new algorithms,Facilitate collaborative learning and problem-solving.,,NONE
Research new workouts by gathering personal insights,Improve overall user experience through personalization,,REFINES
Engage with home-page feeds for interesting insights.,Scroll through a personalized newsfeed,,REFINES
View and Interact with Personalized Content,Browse subreddits without a specific outcome,,REFINES
Integrate and Synchronize Communication Tools,Make video or audio calls more easily,,REFINES
Browse daily information,Scroll through general information,,REFINES
Enable seamless file and data management,Scan QR codes for payment transactions,,NONE
Navigate information about the tech stack more easily.,"Consider employee reviews, current work tasks, and tech stack in job postings.",,REFINES
Maintain seamless user experience across devices.,Enable full screen mode for video playback,,REFINED BY
Manage applications and notifications effectively.,Receive job updates specific to domain and skill set,,REFINED BY
Enhance the effectiveness of connecting with relevant professionals,Send a personalized note with connection requests,,REFINED BY
Like a post,Connect with known individuals,,REFINES
Prefer to manage privacy by limiting location data in browser cache,Use weather information to determine if it's suitable for outdoor activities.,,NONE
Enhance user decision-making with detailed weather data.,View hourly weather details for planning daily activities.,,REFINED BY
Facilitate secure and efficient communication,Transfer large files without file size limitations,,REFINED BY
Reduce the presence of marketing accounts in content feeds,Address and handle matrix accounts to reduce irrelevant content,,REFINED BY
Search for answers within communities.,Find authentic answers to queries,,REFINES
Use a music streaming feature made for discovering new songs,Discover new songs similar to ones heard online.,,REFINES
Deliver timely and relevant weather information,Receive weather updates three times a day,,REFINED BY
Improve strategic approach to coding challenges,Discuss difficult problems with friends to understand the solution better.,,NONE
Provide professional and relevant content experience,Search for job posting information,,NONE
Provide an engaging content discovery experience,Explore new content types like games introduced on the platform,,REFINED BY
Maintain updated health and wellness knowledge through online resources,Search for general health information.,,REFINES
Scroll through topics of interest,Scroll through a personalized newsfeed,,EQUIV
Enhance Reader Engagement,See percentage of chapter read,,REFINED BY
Explore ways to make interface elements easier to navigate.,Switch the temperature unit display from Fahrenheit to Celsius.,,NONE
Manage alert frequency,Facilitate Connection Building,,NONE
Use a quick email feature to communicate formally,Communicate with peers and professors instantly,,REFINES
Enhance job search effectiveness,Apply filters to job searches,,REFINED BY
Access content without interruptions,Optimize streaming performance and reduce latency.,,REFINED BY
Find authentic answers to queries,Search for answers within communities.,,REFINED BY
Enhance privacy and personalized booking experience,Avoid being logged in to maintain privacy,,REFINED BY
Upload a resume,Use profile for job applications,,NONE
Plan a trip.,Use weather information for decision-making,,REFINED BY
Update job seeking status,Enhance job search effectiveness,,REFINES
Receive job notifications unless they complicate the notification tab,Save or organize interesting job postings for later,,NONE
Read content online,Store books in online accounts,,REFINED BY
Provide enhanced search and discovery features for user engagement.,Access content without interruptions by subscribing to a premium tier,,NONE
Facilitate user-friendly content discovery through advanced search features,Enable full screen mode for video playback,,NONE
Facilitate user-generated content engagement,Find authentic answers to queries,,NONE
Facilitate integration with user's daily routine,Listen to ambient noise,,REFINES
Edit personal profile,Manage job application process,,NONE
Apply filters to job searches,Filter jobs by job titles or locations,,REFINED BY
Provide comprehensive weather data to support user decision-making.,Review weather alerts and warnings from local authorities or government organizations.,,REFINED BY
Enhance job search efficiency through personalized features,Ensure timely and efficient job application process,,NONE
Avoid being logged in to maintain privacy,Find good itineraries and pricing through research,,NONE
Ensure content suitability via automated and manual review processes.,Upload a video or start a stream.,,NONE
Seek technical help or input on a problem,View and Interact with Personalized Content,,NONE
Receive important international event updates.,Not miss out on important information,,REFINES
Enable personalized job search experiences,Customize job search with keywords and roles,,REFINES
Facilitate instantaneous and seamless communication,Reach a wide audience immediately using channels.,,REFINED BY
Track overall reading progress,Save educational resources for future reference.,,REFINED BY
Join relevant groups,Enhance job search effectiveness,,NONE
Access saved job listings,Access saved jobs,,EQUIV
Enhance job search efficiency through personalized features,Blacklist irrelevant job postings,,NONE
Receive job updates specific to domain and skill set,Prefer job postings matching criteria using AI features for identification.,,REFINED BY
Manage user preferences,Search for information based on a specific region,,REFINED BY
Facilitate organization of diverse content types,Read news online,,NONE
Enable seamless data communication and continuity,Transfer files to friends,,REFINED BY
Facilitate Professional Growth Opportunities,Send a personalized note with connection requests,,REFINED BY
Increase the number of connections on a professional networking platform,Leverage connections for professional opportunities,,REFINES
Enhance user experience through intuitive design,Navigate with a smooth user experience,,REFINED BY
Search using vague criteria to find meaningful results,Enhance user engagement and discovery,,REFINES
Search for personal experiences over facts,Research new workouts by gathering personal insights,,REFINED BY
Manage applications and notifications effectively.,Save or organize interesting job postings for later,,REFINED BY
Filter out entertainment content from professional content,Exclude entertainment content when searching for job or housing information,,REFINES
Ensure timely and efficient job application process,Automatically transfer application details to the company's website.,,REFINED BY
Browse subreddits without a specific outcome,Support Open Exploration and Specific Problem Solving,,REFINES
Expand professional network,Connect with known individuals,,REFINED BY
Review weather alerts and warnings from local authorities or government organizations.,Use weather information to determine if it's suitable for outdoor activities.,,REFINES
Add a personal message to connection requests,Connect with known individuals,,REFINES
Categorize reading material by time,Provide offline access to previously accessed content,,NONE
Consider transportation options based on temperature.,Facilitate decision-making for daily life based on weather.,,REFINES
Explore new algorithms,Finish all questions in a specific category.,,NONE
Read something interesting,Read personal reviews before making purchasing decisions.,,REFINED BY
Refine search strategies for specific queries,Search for a specific post,,REFINES
Discuss difficult problems with friends to understand the solution better.,Adopt a strategic practice approach.,,NONE
Maximize booking efficiency,Find good itineraries and pricing through research,,REFINED BY
Adjust travel plans based on weather conditions.,Consider transportation options based on temperature.,,REFINED BY
Reach a wide audience immediately using channels.,Accessible and integrated communication system,,NONE
Use weather information to determine if it's suitable for outdoor activities.,Facilitate Daily Planning with Weather Information,,REFINES
Utilize job search functionalities,Submit job applications,,NONE
Ensure integration with existing travel preferences,Make sure flight details work for the schedule,,REFINED BY
Include a quick apply button on job postings.,Automatically transfer application details to the company's website.,,REFINES
Filter jobs by job titles or locations,Indicate open to work status,,NONE
View hourly weather details for planning daily activities.,Look for temperature and chance of rain when first opening the weather information.,,NONE
Obtain referrals from current employees for positions at a company,Enhance the effectiveness of connecting with relevant professionals,,NONE
Access content without interruptions,Stream data smoothly without interruptions,,REFINED BY
Read news online,Integrate with educational and standard reading formats,,NONE
Enhance the effectiveness of connecting with relevant professionals,Consider purchasing a premium membership to expand search capabilities,,NONE
Receive job recommendations,Add a personal message to connection requests,,REFINED BY
Enhance user’s music experience,Use a music streaming feature made for discovering new songs,,REFINED BY
Engage with network,Join relevant groups,,REFINED BY
Browse job postings,Submit job applications,,REFINES
Switch the temperature unit display from Fahrenheit to Celsius.,Check the temperature the day before to plan clothing,,NONE
Provide comprehensive weather forecasting,Share unusual weather updates on social media.,,NONE
Scroll through general information,Browse daily information,,NONE
Share unusual weather updates on social media.,Facilitate Daily Planning with Weather Information,,NONE
Provide comprehensive weather data to support user decision-making.,Explore detailed radar maps for weather information.,,REFINED BY
Make sure flight details work for the schedule,Maximize time in the air during travel,,REFINED BY
Address and handle matrix accounts to reduce irrelevant content,Reduce the presence of marketing accounts in content feeds,,REFINED BY
Seek technical help or input on a problem,Search for a specific post,,REFINED BY
Centralize Communication and Information Sharing System,Share documents instantly with teammates,,REFINED BY
Enhance personalization of job search experience,Get job updates that match personal skill set.,,REFINED BY
Enhance user experience by minimizing interruptions and ensuring consistency in information delivery.,Receive routine weather notifications at specific times of the day.,,NONE
Get more targeted results for a problem,Seek technical help or input on a problem,,NONE
Make the call feature more accessible,Make video or audio calls more easily,,REFINES
Save time by being familiar with the application’s user interface,Check direct airline websites for better pricing,,NONE
Explore new algorithms,Practice coding questions during the interview season.,,NONE
Adjust travel plans based on weather conditions.,Support user customization and privacy in interaction with weather data.,,NONE
Keep application details private and avoid exposure to unintended parties.,Enhance personalization of job search experience,,NONE
Enable robust content delivery features.,Stream data smoothly without interruptions,,REFINED BY
Manage job application process,Engage with industry trends,,NONE
Find authentic answers to queries,Learn more about a particular topic,,NONE
Adopt a strategic practice approach.,Time oneself on solving coding problems,,REFINED BY
Ensure safety by preparing for adverse weather conditions.,Review weather alerts and warnings from local authorities or government organizations.,,REFINED BY
Update job seeking status,Set job preferences,,REFINES
Receive job postings instantly when they are posted,Receive job notifications unless they complicate the notification tab,,REFINED BY
Prepare better for job interviews by practicing.,Practice coding questions to improve over time.,,REFINES
Ensure timely delivery of relevant information,Improve management to prevent data from being sold to other parties,,NONE
Facilitate multimedia and data sharing,Find images by searching with text,,NONE
Review application details,Submit job applications,,REFINES
Search for information based on a specific region,Provide professional and relevant content experience,,NONE
Connect with someone new,Browse job postings,,NONE
Ensure timely and reliable weather updates,Receive routine weather notifications at specific times of the day.,,REFINED BY
Share documents instantly with teammates,Accessible and integrated communication system,,REFINES
Ensure information security and privacy,Get feedback from interviewees about company hiring processes,,NONE
Backup and restore messages when changing phones,Organize and prioritize conversations,,NONE
Add a personal message to connection requests,Upload a resume,,NONE
Access content without interruptions,Receive content on a machine seamlessly,,REFINED BY
"Edit videos by adding sound effects, trimming, or cropping",Maintain seamless user experience across devices.,,NONE
Enhance search effectiveness on the networking platform,Filter potential connections based on employment status,,NONE
Define and match necessary skill set to job postings,Enhance application efficiency and tracking,,REFINES
Enhance personalization of job search experience,Prefer job postings matching criteria using AI features for identification.,,REFINED BY
Link practice directly to career advancement.,Practice coding questions during the interview season.,,NONE
Provide an Integrated Reading Experience,Read downloaded PDFs on a tablet,,REFINED BY
Support Open Exploration and Specific Problem Solving,Solve a specific problem through search,,NONE
Save or organize interesting job postings for later,Ensure Efficient Application Process,,REFINES
Enable full screen mode for video playback,Ensure content suitability via automated and manual review processes.,,NONE
Accommodate comparison of alternative routes and services,Make sure flight details work for the schedule,,REFINED BY
Receive job notifications unless they complicate the notification tab,Blacklist irrelevant job postings,,NONE
Receive job notifications unless they complicate the notification tab,Navigate information about the tech stack more easily.,,NONE
Ensure data integrity and user privacy,Transfer large files without file size limitations,,NONE
Prefer to manage privacy by limiting location data in browser cache,Enhance user engagement through social sharing and connectivity.,,NONE
Receive frequent notifications about rain in real time.,Provide timely and accurate weather information,,REFINES
Navigate information about the tech stack more easily.,Provide a secure platform for job seeking and application,,NONE
Ensure the user has the best tool support for booking flights,Check direct airline websites for better pricing,,NONE
Facilitate multimedia and data sharing,Transfer large files without file size limitations,,REFINED BY
Provide comprehensive weather data to support user decision-making.,Avoid cycling when it's very cold.,,REFINES
Enhance user engagement through social sharing and connectivity.,Review weather alerts and warnings from local authorities or government organizations.,,NONE
Provide professional and relevant content experience,Exclude entertainment content when searching for job or housing information,,REFINED BY
Leverage technological tools for pricing advantage,Check direct airline websites for better pricing,,NONE
Prevent streamers from sharing certain types of content,Prevent some viewers from seeing unsuitable content.,,NONE
Receive routine weather notifications at specific times of the day.,Receive frequent notifications about rain in real time.,,REFINED BY
Optimize user decision-making based on weather information.,Use weather information to determine if it's suitable for outdoor activities.,,REFINED BY
Prevent streamers from sharing certain types of content,Prevent some viewers from seeing unsuitable content.,,NONE
Scroll through general information,Improve management to prevent data from being sold to other parties,,NONE
Scroll through a personalized newsfeed,Get more targeted results for a problem,,NONE
Access content without interruptions,Facilitate seamless and personalized content discovery,,NONE
Efficiently identify and compare flight options,Try to find the best price for a flight itinerary,,REFINED BY
Access relevant information through community engagement,Interact with posts related to interests,,REFINES
Provide an engaging content discovery experience,Search for specific movie titles or shows,,REFINED BY
"Provide a premium, uninterrupted viewing experience",Access content without interruptions by subscribing to a premium tier,,REFINED BY
Obtain referrals from current employees for positions at a company,Filter potential connections based on employment status,,NONE
Deliver relevant and timely content to users,Reduce the presence of marketing accounts in content feeds,,NONE
Browse daily information,Reduce the presence of marketing accounts in content feeds,,NONE
Manage job application process,Browse job postings,,NONE
Enhance personalization of job search experience,Include a quick apply button on job postings.,,REFINED BY
Link practice directly to career advancement.,Look at solutions if unable to solve a problem after significant effort,,NONE
Improve content lifecycle awareness,Inform users of content that will soon be removed,,REFINED BY
Facilitate user decision-making based on weather,Plan a trip.,,REFINES
Receive important international event updates.,Provide relevant and personalized content,,REFINES
Engage with industry trends,Set job preferences,,NONE
Save time by being familiar with the application’s user interface,Optimize travel planning and customization,,NONE
Finish all questions in a specific category.,Discuss difficult problems with friends to understand the solution better.,,NONE
Gain information quickly without reading a book,Enhance user engagement through content recommendations.,,NONE
Interact with posts related to interests,Scroll through topics of interest,,REFINES
Receive job notifications,Explore professional development opportunities,,NONE
Maintain flexibility in planning based on weather conditions,Share unusual weather updates on social media.,,NONE
Enhance user engagement and retention,Stream data smoothly without interruptions,,NONE
Receive job notifications,Enhance network engagement,,NONE
Maintain user engagement through relevant and timely content,Search for information using a search feature.,,NONE
Export content easily to a drive or application,Read content online,,NONE
Provide a secured browsing experience,Receive recommendations based on browsing history.,,NONE
Seek technical help or input on a problem,Access relevant information through community engagement,,REFINES
Read content online,Categorize reading material by time,,NONE
Provide timely and accurate weather information,Receive weather updates three times a day,,REFINED BY
"Consider employee reviews, current work tasks, and tech stack in job postings.",Navigate information about the tech stack more easily.,,REFINED BY
Enhance user retention through personalized features,Provide personalized show recommendations based on previous view history,,REFINED BY
Facilitate user-generated content engagement,Search for personal experiences over facts,,NONE
Facilitate both personal and communal music experiences,Always have something playing in the background,,NONE
Utilize weather forecasts to enhance activity planning.,Plan outdoor activities.,,REFINES
Scroll through general information,Provide efficient and user-friendly search functionality,,NONE
Increase the number of connections on a professional networking platform,Increase User Engagement,,NONE
Avoid receiving outdated job listings.,Enhance job update personalization using technology.,,NONE
Expand professional network,Engage with network,,NONE
Access saved job listings,Access saved jobs,,EQUIV
Make sure flight details work for the schedule,Enhance flexibility by adapting to changing flight availability,,REFINED BY
Engage in a variety of practice methods to become a well-rounded coder,Participate in coding contests to improve reading and transformation skills.,,REFINED BY
Facilitate casual browsing for user enjoyment,Scroll through topics of interest,,REFINED BY
Provide user-friendly interface for content search and selection.,Search using vague criteria to find meaningful results,,REFINED BY
Provide personalized content recommendations,Search for information based on a specific region,,REFINED BY
Utilize learning resources effectively.,Discuss difficult problems with friends to understand the solution better.,,NONE
Interact with posts related to interests,Provide tailored user experiences,,NONE
Integrate and Synchronize Communication Tools,Reach a wide audience immediately using channels.,,NONE
Practice coding questions to improve over time.,Improve overall problem-solving skills,,REFINES
Conduct a variety of payment transactions,Use a payment system to transfer money to friends or merchants,,REFINED BY
Enable seamless data communication and continuity,Send a message to a colleague,,REFINES
Keep updated on departmental and campus discussions,Facilitate instantaneous and seamless communication,,REFINES
Enhance user experience through personalized job recommendations,Blacklist irrelevant job postings,,REFINED BY
Transfer large files without file size limitations,Enable comprehensive payment activities,,NONE
Read downloaded PDFs on a tablet,Have a place to consolidate all reading materials,,REFINES
Utilize learning resources effectively.,Look at solutions if unable to solve a problem after significant effort,,NONE
Participate in coding contests to improve reading and transformation skills.,Practice coding skills to improve daily work performance,,NONE
Receive job postings instantly when they are posted,Receive job notifications unless they complicate the notification tab,,REFINED BY
Switch the temperature unit display from Fahrenheit to Celsius.,Ensure personal safety in severe weather conditions,,NONE
Enhance music and podcast discovery and enjoyment,Search for songs based on emotions or keywords,,REFINED BY
Facilitate User Engagement with Tailored Content,Scroll through a personalized newsfeed,,REFINED BY
Manage job application process,Submit job applications,,REFINED BY
Provide relevant and personalized content,Search for information based on a specific region,,REFINED BY
Protect User Data Privacy,Accept data being shared with other parties,,REFINED BY
Like a post,Improve user engagement with content,,NONE
Allow customizable music discovery,Think of what type of music is needed,,NONE
Optimize travel itinerary according to personal schedules,Check connections with other modes of transport,,REFINED BY
Improve overall problem-solving skills,Practice coding skills to improve daily work performance,,REFINED BY
Manage applications and notifications effectively.,Connect with people for job referrals when necessary.,,NONE
Deliver personalized user experience,Inform users of content that will soon be removed,,REFINED BY
Ensure user data privacy and security,Prefer job postings matching criteria using AI features for identification.,,NONE
Enhance content relevance through effective filtering and management.,Address and handle matrix accounts to reduce irrelevant content,,REFINED BY
Track and analyze reading habits or progression,Access and read educational materials from a school portal.,,REFINES
Facilitate content discovery and engagement.,Search using vague criteria to find meaningful results,,REFINED BY
Check weather forecasts for the entire week for trip planning,Enhance user experience through seamless information delivery.,,NONE
Prevent some viewers from seeing unsuitable content.,Enhance user engagement through content recommendations.,,NONE
Maintain user privacy and data integrity,Accept data being shared with other parties,,REFINED BY
Search for specific movie titles or shows,Enhance user engagement with personalized features,,NONE
Understand video player options easily,Enable full screen mode for video playback,,NONE
Navigate aggregator for country-to-country flight pairs,Find good itineraries and pricing through research,,REFINES
Receive weather updates three times a day,Postpone activities in case of extreme weather conditions.,,NONE
Deliver timely and relevant weather information,Receive frequent notifications about rain in real time.,,REFINED BY
Provide efficient and user-friendly search functionality,View number of people entering the hiring process,,NONE
Adopt a strategic practice approach.,Participate in weekly contests for practice,,REFINED BY
Store offline data for later access,Interact with posts related to interests,,NONE
Manage professional identity,Receive job recommendations,,NONE
Enhance social interaction through music,Create playlists for public viewing,,REFINED BY
Utilize learning resources effectively.,Finish all questions in a specific category.,,NONE
Provide quick access to information and files,Share documents instantly with teammates,,REFINED BY
Enhance job update personalization using technology.,Customize job search with keywords and roles,,NONE
Enhance user experience and satisfaction,Explore ways to make interface elements easier to navigate.,,REFINED BY
Support diverse formats and sources for reading,Read downloaded PDFs on a tablet,,REFINED BY
Participate in coding contests to improve reading and transformation skills.,Facilitate collaborative learning and solution exchange.,,NONE
Receive job notifications,Upload a resume,,REFINED BY
Participate in weekly contests for practice,Participate in coding contests to improve reading and transformation skills.,,REFINES
Optimize job application process,Apply filters to job searches,,REFINED BY
Discover new songs similar to ones heard online.,Provide continuous background audio experience,,NONE
Provide a guided discovery of music and audio content,Think of what type of music is needed,,NONE
Engage with the professional content,See posts from network,,REFINED BY
Casual and Exploratory Browsing,Scroll through topics of interest,,REFINED BY
Optimize user interface for effective job search,Automatically transfer application details to the company's website.,,REFINES
Navigate aggregator for country-to-country flight pairs,Avoid being logged in to maintain privacy,,NONE
Facilitate secure and efficient communication,Pin important chats or contacts,,NONE
Explore job opportunities,Apply filters to job searches,,REFINED BY
Facilitate decision-making for daily life based on weather.,Use weather information to determine if it's suitable for outdoor activities.,,REFINED BY
Optimize user interface for effective job search,Receive job notifications unless they complicate the notification tab,,REFINED BY
Communicate with friends and family,Backup and restore messages when changing phones,,REFINED BY
"Consider employee reviews, current work tasks, and tech stack in job postings.",Enable personalized job search experiences,,REFINES
Provide professional and relevant content experience,View number of people entering the hiring process,,NONE
Consistent and Comprehensive Weather Planning,Plan trips using weather forecasts,,REFINED BY
Find a good deal when booking flights,Find good itineraries and pricing through research,,REFINES
Access saved jobs,Set job preferences,,NONE
Navigate quickly to continue watching from where I left off,Expand content diversity to attract wide user demographics,,NONE
Plan outdoor activities.,Receive real-time updates on weather changes,,REFINED BY
Stream data smoothly without interruptions,Access content without interruptions by subscribing to a premium tier,,REFINED BY
Book flights early for better prices,Make sure flight details work for the schedule,,NONE
Search for specific movie titles or shows,Navigate quickly to continue watching from where I left off,,NONE
Engage with industry trends,Like a post,,REFINED BY
Navigate with a smooth user experience,Enable comprehensive user engagement features,,NONE
Provide an Integrated Reading Experience,Read content online,,REFINED BY
Navigate information about the tech stack more easily.,Track the application status or employer responsiveness.,,NONE
Enhance user engagement with content,Comment on a post,,NONE
Think of what type of music is needed,Enhance user's emotional state using music,,NONE
Practice coding skills to improve daily work performance,Practice easy to medium questions at the start.,,NONE
Enable full screen mode for video playback,Facilitate high-quality content creation and sharing.,,NONE
Like a post,Enhance network engagement,,NONE
Apply filters to job searches,Indicate open to work status,,NONE
Provide comprehensive weather information for planning purposes,Plan a trip.,,REFINES
Engage in a structured practice regimen for continuous improvement.,Practice coding questions to improve over time.,,REFINED BY
Encourage Informed Weather-Driven Decision-Making,Consider cloud coverage when planning specific activities,,REFINED BY
Facilitate collaborative learning and solution exchange.,Practice coding questions during the interview season.,,NONE
Receive important international event updates.,Not miss out on important information,,REFINES
Facilitate user-generated content engagement,Read personal reviews before making purchasing decisions.,,NONE
Facilitate seamless and personalized content discovery,Add content to a watch list,,NONE
Enhance user engagement with various content types,Explore new content types like games introduced on the platform,,REFINED BY
Find authentic answers to queries,Enhance user engagement through interactive content,,NONE
Deliver relevant and timely content to users,Exclude entertainment content when searching for job or housing information,,REFINED BY
Support user customization and privacy in interaction with weather data.,Prefer to manage privacy by limiting location data in browser cache,,REFINED BY
Edit personal profile,Set job preferences,,REFINED BY
Optimize Itinerary through Research and Tools,Maximize time in the air during travel,,REFINED BY
Browse daily information,Maintain user engagement through relevant and timely content,,NONE
Find a good deal when booking flights,Efficiently identify and compare flight options,,REFINES
Manage music playback settings,Use a sleep timer for music.,,REFINED BY
Export content easily to a drive or application,Use Adobe Reader for reading PDFs.,,NONE
See posts from network,Set job preferences,,NONE
Improve user engagement through personalized and social music experiences,Use a sleep timer for music.,,NONE
Enhance network engagement,Join relevant groups,,REFINED BY
Ensure users can easily discover and access content,Search for specific movie titles or shows,,NONE
Integrate communication tools for seamless interaction,Share documents instantly with teammates,,REFINED BY
Maintain an updated understanding of flight deal trends,Navigate aggregator for country-to-country flight pairs,,REFINES
Protect user privacy and data integrity,Accept data being shared with other parties,,REFINED BY
Improve problem-solving skills,Finish all questions in a specific category.,,REFINED BY
Get more targeted results for a problem,Seek technical help or input on a problem,,NONE
Plan daily attire based on weather information.,Receive consistent information across all platforms.,,NONE
Support user customization and privacy in interaction with weather data.,Switch the temperature unit display from Fahrenheit to Celsius.,,REFINED BY
Optimize Itinerary through Research and Tools,Explore various travel options to find the best alternative in terms of price and seating,,REFINED BY
Maintain user engagement through relevant and timely content,Filter out entertainment content from professional content,,REFINED BY
Receive routine weather notifications at specific times of the day.,Receive weather updates three times a day,,REFINED BY
Learn more about a particular topic,Research further on something interesting,,REFINED BY
Receive job notifications,Increase network engagement,,NONE
Think of what type of music is needed,Support personalized audio session,,NONE
Enhance navigation for smaller application window sizes.,Keep updated on departmental and campus discussions,,NONE
Support Open Exploration and Specific Problem Solving,Research new workouts by gathering personal insights,,NONE
Provide timely and accurate weather information,Plan outdoor activities.,,REFINES
Facilitate offline and cross-device reading,Read content online,,NONE
Review weather alerts and warnings from local authorities or government organizations.,Enhance user decision-making with detailed weather data.,,REFINES
Plan daily attire based on weather information.,Provide personalized weather forecasts based on user's location,,REFINED BY
Participate in coding contests to improve reading and transformation skills.,Enhance collaborative problem-solving skills,,NONE
Enhance job update personalization using technology.,Automatically transfer application details to the company's website.,,REFINED BY
Enhance search functionality on the platform,Search for people using a company name and school name,,REFINED BY
Enhance user experience through personalized job recommendations,Define and match necessary skill set to job postings,,REFINED BY
Improve user engagement with content,See posts from network,,REFINED BY
Search for content using filters,Receive content on a machine seamlessly,,NONE
Engage with industry trends,Manage job application process,,NONE
Include a quick apply button on job postings.,Have emails that are concise with necessary details and a direct apply button.,,REFINED BY
Enhance user’s music experience,Create and use personal playlists,,NONE
Adjust travel plans based on weather conditions.,Consider cloud coverage when planning specific activities,,REFINED BY
Prefer to manage privacy by limiting location data in browser cache,Maintain flexibility in planning based on weather conditions,,NONE
Not miss out on important information,Address and handle matrix accounts to reduce irrelevant content,,NONE
Maximize job opportunity exploitation,Send a personalized note with connection requests,,NONE
Optimize video streaming performance for enhanced user experience.,Click images with descriptions to view content,,NONE
Improve coding proficiency overall,Prepare better for job interviews by practicing.,,NONE
Manage applications and notifications effectively.,Have emails that are concise with necessary details and a direct apply button.,,NONE
Utilize practice resources efficiently,Practice using similar questions linked by category,,REFINED BY
Prefer to manage privacy by limiting location data in browser cache,Facilitate seamless user interface experience across different devices.,,NONE
Receive real-time updates on weather changes.,Integrate with calendar for smart scheduling,,REFINES
Browse job postings,Join relevant groups,,NONE
Stream data smoothly without interruptions,Improve user engagement and monetization strategies.,,NONE
Store books in online accounts,See percentage of chapter read,,NONE
Submit job applications,Enhance job search effectiveness,,NONE
Retain users by reducing the need to switch platforms,Facilitate efficient content discovery and access,,NONE
Ensure secure and private communication,Efficiently manage and organize communications,,NONE
Use profile for job applications,Update job seeking status,,NONE
Explore job opportunities,Access saved job listings,,REFINED BY
Receive job notifications,Receive job recommendations,,EQUIV
Avoid being contacted by random people from other platforms.,Keep application details private and avoid exposure to unintended parties.,,REFINED BY
Book flights early for better prices,Set alerts for price changes on certain routes.,,NONE
Connect with known individuals,Comment on a post,,NONE
Book flights early for better prices,Leverage technological tools for pricing advantage,,NONE
Improve job application efficiency and effectiveness,Include a quick apply button on job postings.,,REFINED BY
Find authentic answers to queries,Solve a specific problem through search,,REFINES
Adjust travel plans based on weather conditions.,Consider transportation options based on temperature.,,REFINED BY
Continuously monitor flight deal platforms,Book flights for family and friends,,REFINES
Efficient Information Retrieval,Scan QR codes for payment transactions,,REFINED BY
Ensure seamless user experience with weather application.,Receive consistent information across all platforms.,,NONE
Adjust travel plans based on weather conditions.,Consider transportation options based on temperature.,,REFINED BY
Improve user engagement through personalized and social music experiences,Listen to music to distract from stress,,NONE
Read content online,Export content easily to a drive or application,,NONE
Receive job postings instantly when they are posted,Have emails that are concise with necessary details and a direct apply button.,,REFINED BY
Maximize time in the air during travel,Enhance flexibility by adapting to changing flight availability,,NONE
Automatically transfer application details to the company's website.,Include a quick apply button on job postings.,,REFINED BY
Provide customizable listening experiences,Always have something playing in the background,,REFINED BY
Connect with someone new,Enhance user engagement with content,,NONE
Accept data being shared with other parties,Receive recommendations based on browsing history.,,NONE
Enhance music and podcast discovery and enjoyment,Discover new songs similar to ones heard online.,,NONE
Support collaborative and individual learning experiences.,Discuss difficult problems with friends to understand the solution better.,,REFINED BY
Ensure User Safety and Convenience,Receive routine weather notifications at specific times of the day.,,REFINED BY
Provide timely and accurate weather information,Receive frequent notifications about rain in real time.,,REFINED BY
Expand professional network,Enhance user engagement with content,,NONE
Search for songs based on emotions or keywords,Maintain a personalized music library,,NONE
Interact with posts related to interests,Scroll through topics of interest,,REFINED BY
Facilitate continuous background audio enjoyment,Create and use personal playlists,,NONE
Ensure optimal travel experience,Maximize time in the air during travel,,REFINED BY
Reach a wide audience immediately using channels.,Make the call feature more accessible,,NONE
Solve a specific problem through search,Seek technical help or input on a problem,,REFINES
Enhance user experience by minimizing interruptions and ensuring consistency in information delivery.,Access weather information via digital assistant.,,REFINED BY
Stream data smoothly without interruptions,Facilitate user-friendly content discovery through advanced search features,,NONE
Protect user privacy and data integrity,Browse daily information,,NONE
Support diverse formats and sources for reading,Ensure seamless integration with external tools,,REFINED BY
Automatically transfer application details to the company's website.,Include a quick apply button on job postings.,,REFINED BY
Manage applications and notifications effectively.,Receive job notifications unless they complicate the notification tab,,REFINED BY
Find good itineraries and pricing through research,Try to find the best price for a flight itinerary,,REFINED BY
Enhance search functionality on the platform,Filter potential connections based on employment status,,NONE
Support various listening scenarios and contexts,Listen to podcasts occasionally,,REFINED BY
Find a good deal when booking flights,Enhance Travel Convenience,,REFINES
Seek technical help or input on a problem,Enable effective information search and discovery,,NONE
Search using vague criteria to find meaningful results,Facilitate user-friendly content discovery through advanced search features,,REFINES
View hourly weather details for planning daily activities.,Share unusual weather updates on social media.,,NONE
Engage with industry trends,See posts from network,,REFINED BY
Access content without interruptions,Receive content on a machine seamlessly,,NONE
Make video or audio calls more easily,Make the call feature more accessible,,EQUIV
Encourage platform investments to unlock advanced features,Consider purchasing a premium membership to expand search capabilities,,NONE
Seek technical help or input on a problem,Find authentic answers to queries,,REFINES
Enhance Search Functionality,Increase the number of connections on a professional networking platform,,NONE
Watch entertainment and informational content,Ensure users can easily discover and access content,,NONE
Personalize weather application settings to suit user preferences.,Turn off notifications from weather websites.,,REFINED BY