G1,G2,model,human
Read content online,Read news online,REFINED_BY,REFINED BY
Facilitate offline and cross-device reading,Read content online,REFINED_BY,NONE
Enhance network engagement,Join relevant groups,REFINED_BY,REFINED BY
Ensure timely and reliable weather updates,Receive routine weather notifications at specific times of the day.,REFINED_BY,REFINED BY
Improve coding proficiency overall,Participate in weekly contests for practice,REFINED_BY,REFINED_BY
Utilize job search functionalities,Manage alert frequency,REFINED_BY,REFINED BY
Provide professional and relevant content experience,View number of people entering the hiring process,REFINED_BY,NONE
Optimize travel itinerary according to personal schedules,Check connections with other modes of transport,REFINED_BY,REFINED BY
Facilitate user-generated content engagement,Find authentic answers to queries,REFINED_BY,NONE
Update job seeking status,Set job preferences,REFINED_BY,REFINES
Book flights early for better prices,Make sure flight details work for the schedule,REFINED_BY,NONE
Conduct a variety of payment transactions,Use a payment system to transfer money to friends or merchants,REFINED_BY,REFINED BY
Enhance user engagement with various content types,Explore new content types like games introduced on the platform,REFINED_BY,REFINED BY
Receive routine weather notifications at specific times of the day.,Receive weather updates three times a day,REFINED_BY,REFINED BY
Use profile for job applications,Upload a resume,REFINED_BY,REFINED BY
Enhance Reader Engagement,See percentage of chapter read,REFINED_BY,REFINED BY
Ensure integration with existing travel preferences,Make sure flight details work for the schedule,REFINED_BY,REFINED BY
Ensure the user has the best tool support for booking flights,Check direct airline websites for better pricing,REFINED_BY,NONE
Utilize learning resources effectively.,Discuss difficult problems with friends to understand the solution better.,REFINED_BY,NONE
Address and handle matrix accounts to reduce irrelevant content,Reduce the presence of marketing accounts in content feeds,REFINED_BY,REFINED BY
Enhance search functionality on the platform,Search for people using a company name and school name,REFINED_BY,REFINED BY
Explore job opportunities,Indicate open to work status,REFINED_BY,REFINED BY
Enhance music and podcast discovery and enjoyment,Search for songs based on emotions or keywords,REFINED_BY,REFINED BY
Use multiple communication tools together efficiently,Integrate communication tools into a single platform,REFINED_BY,REFINED BY
Increase the number of connections on a professional networking platform,Encourage platform investments to unlock advanced features,REFINED_BY,NONE
Access content without interruptions,Receive content on a machine seamlessly,SYMMETRIC,REFINED BY,NONE
Manage applications and notifications effectively.,Connect with people for job referrals when necessary.,REFINED_BY,NONE
Encourage platform investments to unlock advanced features,Consider purchasing a premium membership to expand search capabilities,REFINED_BY,NONE
Find good itineraries and pricing through research,Book flights early for better prices,REFINED_BY,REFINED BY
Deliver relevant and timely content to users,Exclude entertainment content when searching for job or housing information,REFINED_BY,REFINED BY
Set job preferences,Indicate open to work status,REFINED_BY,REFINED BY
Receive job postings instantly when they are posted,Receive job notifications unless they complicate the notification tab,SYMMETRIC,REFINED BY,REFINED BY
Provide comprehensive weather forecasting,Explore detailed radar maps for weather information.,REFINED_BY,REFINED BY
Use weather information to determine if it's suitable for outdoor activities.,Look for temperature and chance of rain when first opening the weather information.,REFINED_BY,REFINED BY
Enhance search functionality on the platform,Filter potential connections based on employment status,REFINED_BY,NONE
Enhance user’s music experience,Use a music streaming feature made for discovering new songs,REFINED_BY,REFINED BY
Enhance the effectiveness of connecting with relevant professionals,Consider purchasing a premium membership to expand search capabilities,REFINED_BY,NONE
Find a good deal when booking flights,Efficiently identify and compare flight options,REFINED_BY,REFINES
Provide comprehensive weather information for planning purposes,Plan a trip.,REFINED_BY,REFINES
Enhance coding abilities through structured practice,Prepare better for job interviews by practicing.,REFINED_BY,REFINES
Enhance the effectiveness of connecting with relevant professionals,Send a personalized note with connection requests,REFINED_BY,REFINED BY
Enhance user retention through personalized features,Provide personalized show recommendations based on previous view history,REFINED_BY,REFINED BY
Increase the number of connections on a professional networking platform,Filter potential connections based on employment status,REFINED_BY,NONE
Deliver personalized user experience,Inform users of content that will soon be removed,REFINED_BY,REFINED BY
Manage applications and notifications effectively.,Navigate information about the tech stack more easily.,REFINED_BY,NONE
Have a place to consolidate all reading materials,Categorize reading material by time,REFINED_BY,NONE
Explore job opportunities,Access saved job listings,REFINED_BY,REFINED BY
Ensure Portability and Interoperability,Store books in online accounts,REFINED_BY,NONE
Enhance user experience by minimizing interruptions and ensuring consistency in information delivery.,Access weather information via digital assistant.,REFINED_BY,REFINED BY
Facilitate Daily Planning Based on Weather Information,Check for rain forecasts to decide whether to bring an umbrella.,REFINED_BY,REFINES
Receive job notifications,Upload a resume,REFINED_BY,REFINED BY
Manage applications and notifications effectively.,Save or organize interesting job postings for later,REFINED_BY,REFINED BY
Improve problem-solving skills,Discuss difficult problems with friends to understand the solution better.,REFINED_BY,NONE
Enable personalized job search experiences,Customize job search with keywords and roles,REFINED_BY,REFINES
Enhance job search efficiency through personalized features,Blacklist irrelevant job postings,REFINED_BY,NONE
Read content online,Have a place to consolidate all reading materials,REFINED_BY,NONE
Enhance job search experience,Apply filters to job searches,REFINED_BY,REFINED BY
Facilitate secure and efficient communication,Transfer large files without file size limitations,REFINED_BY,REFINED BY
Find a good deal when booking flights,Enhance Travel Convenience,REFINED_BY,REFINES
Facilitate Professional Growth Opportunities,Send a personalized note with connection requests,REFINED_BY,REFINED BY
Organize reading materials effectively,Have a place to consolidate all reading materials,REFINED_BY,REFINED BY
Enhance search effectiveness on the networking platform,Filter potential connections based on employment status,REFINED_BY,NONE
Learn more about a particular topic,Research further on something interesting,REFINED_BY,REFINED BY
Refine search strategies for specific queries,Search for a specific post,REFINED_BY,REFINES
Ensure the security and appropriateness of shared content,Enable viewers to subscribe to content creators,REFINED_BY,NONE
Improve coding proficiency overall,Prepare better for job interviews by practicing.,REFINED_BY,NONE
Enhance user experience through personalized job recommendations,Define and match necessary skill set to job postings,REFINED_BY,REFINED BY
Enhance personalization of job search experience,Get job updates that match personal skill set.,REFINED_BY,REFINED BY
Facilitate instantaneous and seamless communication,Reach a wide audience immediately using channels.,REFINED_BY,REFINED BY
Casual and Exploratory Browsing,Scroll through topics of interest,REFINED_BY,REFINED BY
Provide an engaging content discovery experience,Explore new content types like games introduced on the platform,REFINED_BY,REFINED BY
Enhance Travel Convenience,Check connections with other modes of transport,REFINED_BY,NONE
Adopt a strategic practice approach.,Time oneself on solving coding problems,REFINED_BY,REFINED BY
Enhance user experience through personalized job recommendations,Blacklist irrelevant job postings,REFINED_BY,REFINED BY
Utilize weather forecasts to enhance activity planning.,Plan daily attire based on weather information,REFINED_BY,REFINES
Share documents instantly with teammates,Accessible and integrated communication system,REFINED_BY,REFINES
Provide comprehensive weather data to support user decision-making.,Avoid cycling when it's very cold.,REFINED_BY,REFINES
Manage job application process,Browse job postings,REFINED_BY,NONE
Facilitate seamless and personalized content discovery,Add content to a watch list,REFINED_BY,NONE
Find good itineraries and pricing through research,Make sure flight details work for the schedule,REFINED_BY,REFINED BY
Utilize job search functionalities,Submit job applications,REFINED_BY,NONE
Read content online,Store books in online accounts,REFINED_BY,REFINED BY
Enable robust content delivery features.,Stream data smoothly without interruptions,REFINED_BY,REFINED BY
Seek technical help or input on a problem,Find authentic answers to queries,REFINED_BY,REFINES
Improve user engagement with content,See posts from network,REFINED_BY,REFINED BY
Protect user privacy and data integrity,Accept data being shared with other parties,REFINED_BY,REFINED BY
Provide professional and relevant content experience,Exclude entertainment content when searching for job or housing information,REFINED_BY,REFINED BY
Find a good deal when booking flights,Find good itineraries and pricing through research,REFINED_BY,REFINES
Manage job application process,Submit job applications,REFINED_BY,REFINED BY
Optimize Itinerary through Research and Tools,Explore various travel options to find the best alternative in terms of price and seating,REFINED_BY,REFINED BY
Provide efficient and user-friendly search functionality,View number of people entering the hiring process,REFINED_BY,NONE
Utilize practice resources efficiently,Practice using similar questions linked by category,REFINED_BY,REFINED BY
Find a good deal when booking flights,Compare multiple booking platforms simultaneously,REFINED_BY,REFINED_BY
Maintain flexibility in planning based on weather conditions,Share unusual weather updates on social media.,REFINED_BY,NONE
Enhance job search efficiency through personalized features,"Filter job listings based on role, company, and location.",REFINED_BY,REFINED BY
Enhance search functionality to identify suitable professional contacts,Consider purchasing a premium membership to expand search capabilities,REFINED_BY,REFINED BY
Provide quick access to information and files,Share documents instantly with teammates,REFINED_BY,REFINED BY
Integrate communication tools for seamless interaction,Share documents instantly with teammates,REFINED_BY,REFINED BY
Prepare better for job interviews by practicing.,Practice coding questions to improve over time.,REFINED_BY,REFINES
Secure the best flight experience,Save time by being familiar with the application’s user interface,REFINED_BY,NONE
Make sure flight details work for the schedule,Maximize time in the air during travel,REFINED_BY,REFINED BY
Scroll through a personalized newsfeed,Scroll through topics of interest,SYMMETRIC,REFINES,EQUIV
Enhance privacy and personalized booking experience,Avoid being logged in to maintain privacy,REFINED_BY,REFINED BY
Receive real-time updates on weather changes.,Integrate with calendar for smart scheduling,REFINED_BY,REFINES
Provide customizable listening experiences,Always have something playing in the background,REFINED_BY,REFINED BY
Efficiently identify and compare flight options,Try to find the best price for a flight itinerary,REFINED_BY,REFINED BY
Optimize user interface for effective job search,"Consider employee reviews, current work tasks, and tech stack in job postings.",REFINED_BY,NONE
Facilitate Real-time and Asynchronous Communication,Communicate with peers and professors instantly,REFINED_BY,REFINES
Facilitate secure and efficient communication,Pin important chats or contacts,REFINED_BY,NONE
Increase the number of connections on a professional networking platform,Increase User Engagement,REFINED_BY,NONE
Receive job updates specific to domain and skill set,Enhance personalization and relevance of job matches,REFINED_BY,REFINES
Enhance job search effectiveness,Apply filters to job searches,REFINED_BY,REFINED BY
Facilitate integration with user's daily routine,Listen to ambient noise,REFINED_BY,REFINES
Deliver relevant and timely content to users,Reduce the presence of marketing accounts in content feeds,REFINED_BY,NONE
Include a quick apply button on job postings.,Automatically transfer application details to the company's website.,REFINED_BY,REFINES
Optimize user decision-making based on weather information.,Use weather information to determine if it's suitable for outdoor activities.,REFINED_BY,REFINED BY
Increase interaction quality between users,Send a personalized note with connection requests,REFINED_BY,REFINED_BY
Leverage technological tools for pricing advantage,Check direct airline websites for better pricing,REFINED_BY,NONE
Increase the number of connections on a professional networking platform,Utilize professional connections for career advancement,REFINED_BY,REFINES
Access saved job listings,Access saved jobs,SYMMETRIC,NONE,EQUIV,EQUIV
Manage user preferences,Accept data being shared with other parties,REFINED_BY,REFINED BY
Facilitate seamless and secure transactions,Scan QR codes for payment transactions,REFINED_BY,NONE
Engage in a structured practice regimen for continuous improvement.,Practice coding questions to improve over time.,REFINED_BY,REFINED BY
Personalize Job Search Experience,"Filter job listings based on role, company, and location.",REFINED_BY,REFINED BY
Facilitate content discovery,Search for specific movie titles or shows,REFINED_BY,REFINED BY
Ensure User Safety and Convenience,Receive routine weather notifications at specific times of the day.,REFINED_BY,REFINED BY
Protect User Data Privacy,Accept data being shared with other parties,REFINED_BY,REFINED BY
Receive job updates specific to domain and skill set,Customize job search with keywords and roles,REFINED_BY,REFINES
Engage in a variety of practice methods to become a well-rounded coder,Participate in coding contests to improve reading and transformation skills.,REFINED_BY,REFINED BY
Use profile for job applications,Update job seeking status,REFINED_BY,NONE
Personalize weather application settings to suit user preferences.,Turn off notifications from weather websites.,REFINED_BY,REFINED BY
Maximize booking efficiency,Find good itineraries and pricing through research,REFINED_BY,REFINED BY
Improve content lifecycle awareness,Inform users of content that will soon be removed,REFINED_BY,REFINED BY
Provide professional and relevant content experience,Search for job posting information,REFINED_BY,NONE
Maintain updated health and wellness knowledge through online resources,Search for general health information.,REFINED_BY,REFINES
Maintain user privacy while personalizing content.,Accept data being shared with other parties,REFINED_BY,REFINES
Support user customization and privacy in interaction with weather data.,Prefer to manage privacy by limiting location data in browser cache,REFINED_BY,REFINED BY
Ensure timely and efficient job application process,Automatically transfer application details to the company's website.,REFINED_BY,REFINED BY
Provide comprehensive weather data to support user decision-making.,Review weather alerts and warnings from local authorities or government organizations.,REFINED_BY,REFINED BY
Optimize job application process,Apply filters to job searches,REFINED_BY,REFINED BY
Enhance content relevance through effective filtering and management.,Address and handle matrix accounts to reduce irrelevant content,REFINED_BY,REFINED BY
Support collaborative and individual learning experiences.,Discuss difficult problems with friends to understand the solution better.,REFINED_BY,REFINED BY
Access content without interruptions,Stream data smoothly without interruptions,REFINED_BY,REFINED BY
Improve user engagement through personalized and social music experiences,Use a sleep timer for music.,REFINED_BY,NONE
Browse job postings,Submit job applications,REFINED_BY,REFINES
Facilitate organization of diverse content types,Save educational resources for future reference.,REFINED_BY,REFINED_BY
Enhanced data privacy controls,Accept data being shared with other parties,REFINED_BY,REFINES
Maintain user engagement through relevant and timely content,Search for information using a search feature.,REFINED_BY,NONE
Improve job application efficiency and effectiveness,Include a quick apply button on job postings.,REFINED_BY,REFINED BY
Watch entertainment and informational content,Ensure users can easily discover and access content,REFINED_BY,NONE
Integrate and Synchronize Communication Tools,Make video or audio calls more easily,REFINED_BY,REFINES
Explore new algorithms,Finish all questions in a specific category.,REFINED_BY,NONE
Provide an Integrated Reading Experience,Read content online,REFINED_BY,REFINED BY
Enhance job search experience,Access saved jobs,REFINED_BY,REFINED BY
Enhance social interaction through music,Create playlists for public viewing,REFINED_BY,REFINED BY
Practice coding skills to improve daily work performance,Practice easy to medium questions at the start.,REFINED_BY,NONE
Provide user-friendly interface for content search and selection.,Search using vague criteria to find meaningful results,REFINED_BY,REFINED BY
Optimize user interface for effective job search,Receive job notifications unless they complicate the notification tab,REFINED_BY,REFINED BY
Enhance user decision-making with detailed weather data.,Adjust travel plans based on weather conditions.,REFINED_BY,REFINED BY
Automatically transfer application details to the company's website.,Include a quick apply button on job postings.,SYMMETRIC,REFINED BY,REFINED BY,REFINED BY
Book flights early for better prices,Set alerts for price changes on certain routes.,REFINED_BY,NONE
Support various listening scenarios and contexts,Listen to podcasts occasionally,REFINED_BY,REFINED BY
View hourly weather details for planning daily activities.,Look for temperature and chance of rain when first opening the weather information.,REFINED_BY,NONE
Consistent and Comprehensive Weather Planning,Plan trips using weather forecasts,REFINED_BY,REFINED BY
Adjust travel plans based on weather conditions.,Consider transportation options based on temperature.,SYMMETRIC,REFINED BY,REFINED BY,REFINED BY
Optimize user decision-making based on weather information.,Consider transportation options based on temperature.,REFINED_BY,REFINED_BY
Facilitate User Engagement with Tailored Content,Scroll through a personalized newsfeed,REFINED_BY,REFINED BY
Facilitate multimedia and data sharing,Transfer large files without file size limitations,REFINED_BY,REFINED BY
Expand professional network,Connect with known individuals,REFINED_BY,REFINED BY
Facilitate multimedia and data sharing,Find images by searching with text,REFINED_BY,NONE
Enhance user experience and satisfaction,Explore ways to make interface elements easier to navigate.,REFINED_BY,REFINED BY
Read content online,Categorize reading material by time,REFINED_BY,NONE
Utilize weather forecasts to enhance activity planning.,Plan outdoor activities.,REFINED_BY,REFINES
Facilitate social sharing and personalization,Create and use personal playlists,REFINED_BY,REFINED BY
Support Open Exploration and Specific Problem Solving,Solve a specific problem through search,REFINED_BY,NONE
Enable seamless data communication and continuity,Transfer files to friends,REFINED_BY,REFINED BY
"Provide a premium, uninterrupted viewing experience",Access content without interruptions by subscribing to a premium tier,REFINED_BY,REFINED BY
Make the call feature more accessible,Make video or audio calls more easily,REFINED_BY,REFINES
Integrate and Synchronize Communication Tools,Reach a wide audience immediately using channels.,REFINED_BY,NONE
Engage with the professional content,See posts from network,REFINED_BY,REFINED BY
Find good itineraries and pricing through research,Try to find the best price for a flight itinerary,REFINED_BY,REFINED BY
Engage with network,Join relevant groups,REFINED_BY,REFINED BY
Ensure users can easily discover and access content,Search for specific movie titles or shows,REFINED_BY,NONE
Enhance job update personalization using technology.,Customize job search with keywords and roles,REFINED_BY,NONE
Support diverse formats and sources for reading,Read downloaded PDFs on a tablet,REFINED_BY,REFINED BY
Provide an Integrated Reading Experience,Read downloaded PDFs on a tablet,REFINED_BY,REFINED BY
Enhance user decision-making with detailed weather data.,View hourly weather details for planning daily activities.,REFINED_BY,REFINED BY
Provide timely and accurate weather information,Receive weather updates three times a day,REFINED_BY,REFINED BY
Edit personal profile,Set job preferences,REFINED_BY,REFINED BY
Search for personal experiences over facts,Research new workouts by gathering personal insights,REFINED_BY,REFINED BY
Retain users by reducing the need to switch platforms,Facilitate efficient content discovery and access,REFINED_BY,NONE
Seek technical help or input on a problem,Search for a specific post,REFINED_BY,REFINED BY
Enhance personalization of job search experience,Prefer job postings matching criteria using AI features for identification.,REFINED_BY,REFINED BY
Store books in online accounts,See percentage of chapter read,REFINED_BY,NONE
Browse daily information,Reduce the presence of marketing accounts in content feeds,REFINED_BY,NONE
Facilitate organization of diverse content types,Read news online,REFINED_BY,NONE
Enhance user experience by minimizing interruptions and ensuring consistency in information delivery.,Receive routine weather notifications at specific times of the day.,REFINED_BY,NONE
Facilitate efficient content discovery and access,Navigate quickly to continue watching from where I left off,REFINED_BY,REFINED BY
Manage applications and notifications effectively.,Have emails that are concise with necessary details and a direct apply button.,REFINED_BY,NONE
Utilize learning resources effectively.,Look at solutions if unable to solve a problem after significant effort,REFINED_BY,NONE
Seek technical help or input on a problem,Access relevant information through community engagement,REFINED_BY,REFINES
Explore detailed radar maps for weather information.,Share unusual weather updates on social media.,REFINED_BY,REFINES
Include a quick apply button on job postings.,Have emails that are concise with necessary details and a direct apply button.,REFINED_BY,REFINED BY
Support user customization and privacy in interaction with weather data.,Switch the temperature unit display from Fahrenheit to Celsius.,REFINED_BY,REFINED BY
Provide an Integrated Reading Experience,Save educational resources for future reference.,REFINED_BY,NONE
Link practice directly to career advancement.,Practice coding questions during the interview season.,REFINED_BY,NONE
Reach a wide audience immediately using channels.,Accessible and integrated communication system,REFINED_BY,NONE
Provide professional and relevant content experience,Get feedback from interviewees about company hiring processes,REFINED_BY,REFINES
Facilitate user decision-making based on weather,Plan a trip.,REFINED_BY,REFINES
Plan daily attire based on weather information.,Provide personalized weather forecasts based on user's location,REFINED_BY,REFINED BY
Facilitate User Engagement with Tailored Content,Scroll through topics of interest,REFINED_BY,NONE
Enhance music and podcast discovery and enjoyment,Discover new songs similar to ones heard online.,REFINED_BY,NONE
Read content online,Export content easily to a drive or application,REFINED_BY,NONE
Receive routine weather notifications at specific times of the day.,Receive frequent notifications about rain in real time.,REFINED_BY,REFINED BY
Manage music playback settings,Use a sleep timer for music.,REFINED_BY,REFINED BY
Support personalized audio session,Search for songs based on emotions or keywords,REFINED_BY,REFINES
Optimize user interface for effective job search,Automatically transfer application details to the company's website.,REFINED_BY,REFINES
Facilitate content discovery and engagement.,Search using vague criteria to find meaningful results,REFINED_BY,REFINED BY
Connect with someone new,Add a personal message to connection requests,REFINED_BY,REFINED BY
Improve overall problem-solving skills,Practice coding skills to improve daily work performance,REFINED_BY,REFINED BY
Ensure optimal travel experience,Maximize time in the air during travel,REFINED_BY,REFINED BY
Increase the number of connections on a professional networking platform,Improve connection request success rate,REFINED_BY,REFINED BY
Enhance user retention through personalized content and seamless navigation,Navigate with a smooth user experience,REFINED_BY,REFINED_BY
Increase the number of connections on a professional networking platform,Enhance search functionality to identify suitable professional contacts,REFINED_BY,REFINED BY
Ensure safety by preparing for adverse weather conditions.,Review weather alerts and warnings from local authorities or government organizations.,REFINED_BY,REFINED BY
Enhance user engagement with platform features,Watch personalized content recommendations,REFINED_BY,REFINED BY
Export content easily to a drive or application,Use Adobe Reader for reading PDFs.,REFINED_BY,NONE
View and Interact with Personalized Content,Browse subreddits without a specific outcome,REFINED_BY,REFINES
Ensure seamless user experience with weather application.,Receive consistent information across all platforms.,REFINED_BY,NONE
Utilize job search functionalities,Use profile for job applications,REFINED_BY,REFINES
Organize reading materials effectively,Store books in online accounts,REFINED_BY,NONE
Find good itineraries and pricing through research,Accommodate comparison of alternative routes and services,REFINED_BY,REFINED BY
Enhance user experience through intuitive design,Navigate with a smooth user experience,REFINED_BY,REFINED BY
Engage with industry trends,See posts from network,REFINED_BY,REFINED BY
Manage applications and notifications effectively.,"Consider employee reviews, current work tasks, and tech stack in job postings.",REFINED_BY,NONE
Deliver timely and relevant weather information,Receive frequent notifications about rain in real time.,REFINED_BY,REFINED BY
Increase the number of connections on a professional networking platform,Leverage connections for professional opportunities,REFINED_BY,REFINES
Enhance user engagement with content,Comment on a post,REFINED_BY,NONE
Enhance user’s music experience,Create and use personal playlists,REFINED_BY,NONE
Prepare better for job interviews by practicing.,Practice using similar questions linked by category,REFINED_BY,REFINED_BY
Deliver timely and relevant weather information,Receive weather updates three times a day,REFINED_BY,REFINED BY
Provide comprehensive weather forecasting,Share unusual weather updates on social media.,REFINED_BY,NONE
Improve job search experience,View number of people entering the hiring process,REFINED_BY,REFINED BY
Facilitate decision-making for daily life based on weather.,Use weather information to determine if it's suitable for outdoor activities.,REFINED_BY,REFINED BY
Receive job postings instantly when they are posted,Have emails that are concise with necessary details and a direct apply button.,REFINED_BY,REFINED BY
Provide timely and accurate weather information,Receive frequent notifications about rain in real time.,REFINED_BY,REFINED BY
Engage with industry trends,Like a post,REFINED_BY,REFINED BY
Facilitate casual browsing for user enjoyment,Scroll through topics of interest,REFINED_BY,REFINED BY
Enable personalized job search experiences,Define and match necessary skill set to job postings,REFINED_BY,REFINED BY
Provide comprehensive weather data to support user decision-making.,Explore detailed radar maps for weather information.,REFINED_BY,REFINED BY
Find authentic answers to queries,Search for answers within communities.,SYMMETRIC,REFINED BY
Find authentic answers to queries,Learn more about a particular topic,SYMMETRIC,REFINES,NONE
Interact with posts related to interests,Scroll through topics of interest,SYMMETRIC,REFINES,REFINED BY
Prevent streamers from sharing certain types of content,Prevent some viewers from seeing unsuitable content.,SYMMETRIC,NONE,NONE
Solve a specific problem through search,Seek technical help or input on a problem,SYMMETRIC,REFINES,REFINES
Scroll through general information,Browse daily information,SYMMETRIC,NONE
Receive important international event updates.,Not miss out on important information,SYMMETRIC,REFINES,REFINES
Use a music streaming feature made for discovering new songs,Discover new songs similar to ones heard online.,SYMMETRIC,REFINES,REFINES
Review application details,Submit job applications,SYMMETRIC,REFINES,REFINES
Make video or audio calls more easily,Make the call feature more accessible,SYMMETRIC,REFINED BY,EQUIV
Engage with home-page feeds for interesting insights.,Scroll through a personalized newsfeed,SYMMETRIC,NONE,REFINES
Upload a video or start a stream.,Publish a video after uploading it,SYMMETRIC,REFINES,REFINES
Participate in weekly contests for practice,Participate in coding contests to improve reading and transformation skills.,SYMMETRIC,EQUIV,REFINES
Export content easily to a drive or application,Read content online,SYMMETRIC,NONE,NONE
Avoid being contacted by random people from other platforms.,Keep application details private and avoid exposure to unintended parties.,SYMMETRIC,REFINED BY,REFINED BY
Browse daily information,Scroll through general information,SYMMETRIC,REFINES
Get more targeted results for a problem,Seek technical help or input on a problem,SYMMETRIC,NONE,NONE
Receive content on a machine seamlessly,Access content without interruptions,SYMMETRIC,REFINES
Search for answers within communities.,Find authentic answers to queries,SYMMETRIC,REFINES
Filter out entertainment content from professional content,Exclude entertainment content when searching for job or housing information,SYMMETRIC,REFINES
Communicate with friends and family,Backup and restore messages when changing phones,SYMMETRIC,NONE,REFINED BY
Provide comprehensive weather forecasting,Avoid cycling when it's very cold.,NONE,REFINES
Support Open Exploration and Specific Problem Solving,Research new workouts by gathering personal insights,NONE,NONE
Keep updated on departmental and campus discussions,Facilitate instantaneous and seamless communication,NONE,REFINES
Access saved job listings,Apply filters to job searches,NONE,REFINES
Filter jobs by job titles or locations,Manage job application process,NONE,NONE
Search for information based on a specific region,Provide professional and relevant content experience,NONE,NONE
Navigate quickly to continue watching from where I left off,Support diverse media formats,NONE,NONE
Facilitate user-generated content engagement,Search for personal experiences over facts,NONE,NONE
Save time by being familiar with the application’s user interface,Ensure the flight booking is convenient,NONE,NONE
Ensure secure and private communication,Efficiently manage and organize communications,NONE,NONE
Ensure content suitability via automated and manual review processes.,Upload a video or start a stream.,NONE,NONE
Research further on something interesting,Search for answers within communities.,NONE,REFINED BY
Seek technical help or input on a problem,Enable effective information search and discovery,NONE,NONE
Receive job notifications,Enhance network engagement,NONE,NONE
Manage user preferences,Search for information based on a specific region,NONE,REFINED BY
Find authentic answers to queries,Solve a specific problem through search,NONE,REFINES
Centralize Communication and Information Sharing System,Share documents instantly with teammates,NONE,REFINED BY
Receive job notifications,Increase network engagement,NONE,NONE
Connect with known individuals,Comment on a post,NONE,NONE
Receive frequent notifications about rain in real time.,Plan trips using weather forecasts.,NONE,REFINES
Maintain user privacy through application settings,Set alerts for price changes on certain routes.,NONE,NONE
Provide a secured browsing experience,Receive recommendations based on browsing history.,NONE,NONE
Improve problem-solving skills,Finish all questions in a specific category.,NONE,REFINED BY
Track the application status or employer responsiveness.,Have emails that are concise with necessary details and a direct apply button.,NONE,NONE
Enable seamless data communication and continuity,Send a message to a colleague,NONE,REFINES
Access content without interruptions,Optimize streaming performance and reduce latency.,NONE,REFINED BY
Ensure high-quality user experience in content playback,Search for video content visually,NONE,REFINED BY
Read something interesting,Read personal reviews before making purchasing decisions.,NONE,REFINED BY
Save time by being familiar with the application’s user interface,Check direct airline websites for better pricing,NONE,NONE
Enhance collaborative problem-solving skills,Practice coding skills to improve daily work performance,NONE,NONE
Reduce the presence of marketing accounts in content feeds,Address and handle matrix accounts to reduce irrelevant content,NONE,REFINED BY
"Edit videos by adding sound effects, trimming, or cropping",Maintain seamless user experience across devices.,NONE,NONE
Maintain user privacy while accessing weather information.,Look for temperature and chance of rain when first opening the weather information.,NONE,NONE
Search for specific information or messages,Enable seamless and secure data transfer,NONE,NONE
Connect with someone new,Enhance user engagement with content,NONE,NONE
Share unusual weather updates on social media.,Facilitate Daily Planning with Weather Information,NONE,NONE
Prefer job postings matching criteria using AI features for identification.,Save or organize interesting job postings for later,NONE,NONE
Ensure user data privacy and security,Get job updates that match personal skill set.,NONE,NONE
Save or organize interesting job postings for later,Ensure Efficient Application Process,NONE,REFINES
Accept data being shared with other parties,Receive recommendations based on browsing history.,NONE,NONE
Discover new songs similar to ones heard online.,Provide continuous background audio experience,NONE,NONE
Connect with someone new,Browse job postings,NONE,NONE
Plan daily attire based on weather information.,Receive consistent information across all platforms.,NONE,NONE
Receive job notifications unless they complicate the notification tab,Blacklist irrelevant job postings,NONE,NONE
Manage applications and notifications effectively.,Receive job notifications unless they complicate the notification tab,NONE,REFINED BY
Browse job postings,Join relevant groups,NONE,NONE
Browse subreddits without a specific outcome,Support Open Exploration and Specific Problem Solving,NONE,REFINES
Maintain user privacy and data integrity,Accept data being shared with other parties,NONE,REFINED BY
Book flights early for better prices,Leverage technological tools for pricing advantage,NONE,NONE
Participate in weekly contests for practice,Explore new algorithms,NONE,REFINES
Use a quick email feature to communicate formally,Communicate with peers and professors instantly,NONE,REFINES
Maintain user engagement through relevant and timely content,Filter out entertainment content from professional content,NONE,REFINED BY
Apply filters to job searches,Indicate open to work status,NONE,NONE
Obtain referrals from current employees for positions at a company,Enhance the effectiveness of connecting with relevant professionals,NONE,NONE
Search for a specific post,Get more targeted results for a problem,NONE,NONE
Ensure user privacy and security for job applications function,Keep application details private and avoid exposure to unintended parties.,NONE,REFINES
Plan a trip.,Use weather information for decision-making,NONE,REFINED BY
Add a personal message to connection requests,Upload a resume,NONE,NONE
Store books in online accounts,Read downloaded PDFs on a tablet,NONE,NONE
Support various listening scenarios and contexts,Use a music streaming feature made for discovering new songs,NONE,REFINED BY
Manage alert frequency,Facilitate Connection Building,NONE,NONE
Adjust travel plans based on weather conditions.,Support user customization and privacy in interaction with weather data.,NONE,NONE
Optimize video streaming performance for enhanced user experience.,Click images with descriptions to view content,NONE,NONE
Improve strategic approach to coding challenges,Discuss difficult problems with friends to understand the solution better.,NONE,NONE
Allow customizable music discovery,Think of what type of music is needed,NONE,NONE
Avoid receiving outdated job listings.,Enhance job update personalization using technology.,NONE,NONE
Maximize time in the air during travel,Enhance flexibility by adapting to changing flight availability,NONE,NONE
Avoid being contacted by random people from other platforms.,Ensure Efficient Application Process,NONE,NONE
Scroll through general information,Improve management to prevent data from being sold to other parties,NONE,NONE
Centralize communication features into a single application.,Communicate with peers and professors instantly,NONE,REFINES
Check weather forecasts for the entire week for trip planning,Enhance user experience through seamless information delivery.,NONE,NONE
Browse daily information,Maintain user engagement through relevant and timely content,NONE,NONE
Receive frequent notifications about rain in real time.,Provide timely and accurate weather information,NONE,REFINES
Prevent some viewers from seeing unsuitable content.,Enhance user engagement through content recommendations.,NONE,NONE
Read downloaded PDFs on a tablet,Have a place to consolidate all reading materials,NONE,REFINES
Search for content using filters,Receive content on a machine seamlessly,NONE,NONE
Seek technical help or input on a problem,View and Interact with Personalized Content,NONE,NONE
Explore new algorithms,Practice coding questions during the interview season.,NONE,NONE
Use weather information to determine if it's suitable for outdoor activities.,Facilitate Daily Planning with Weather Information,NONE,REFINES
Ensure users can easily discover and access content,Enhance user engagement with personalized features,NONE,REFINES
Connect with known individuals,Enhance user engagement with content,NONE,NONE
Access relevant information through community engagement,Interact with posts related to interests,NONE,REFINES
Search using vague criteria to find meaningful results,Facilitate user-friendly content discovery through advanced search features,NONE,REFINES
Connect with people for job referrals when necessary.,Enhance application efficiency and tracking,NONE,NONE
Make informed clothing decisions based on weather forecasts.,Ensure safety by preparing for adverse weather conditions.,NONE,REFINED_BY
Submit job applications,Check news feed,NONE,NONE
Engage with industry trends,Manage job application process,NONE,NONE
Provide a guided discovery of music and audio content,Think of what type of music is needed,NONE,NONE
Efficient Information Retrieval,Scan QR codes for payment transactions,NONE,REFINED BY
Continuously monitor flight deal platforms,Book flights for family and friends,NONE,REFINES
Provide enhanced search and discovery features for user engagement.,Access content without interruptions by subscribing to a premium tier,NONE,NONE
Blacklist irrelevant job postings,Track the application status or employer responsiveness.,NONE,NONE
Gain information quickly without reading a book,Enhance user engagement through content recommendations.,NONE,NONE
Join relevant groups,Enhance job search effectiveness,NONE,NONE
Ensure data integrity and user privacy,Transfer large files without file size limitations,NONE,NONE
Research new workouts by gathering personal insights,Improve overall user experience through personalization,NONE,REFINES
Navigate information about the tech stack more easily.,Provide a secure platform for job seeking and application,NONE,NONE
Finish all questions in a specific category.,Discuss difficult problems with friends to understand the solution better.,NONE,NONE
Explore job opportunities,Apply filters to job searches,NONE,REFINED BY
Participate in coding contests to improve reading and transformation skills.,Enhance collaborative problem-solving skills,NONE,NONE
Reach a wide audience immediately using channels.,Make the call feature more accessible,NONE,NONE
Receive important international event updates.,Receive recommendations based on browsing history.,NONE,NONE
Facilitate user-generated content engagement,Read personal reviews before making purchasing decisions.,NONE,NONE
Expand content diversity to attract wide user demographics,Watch personalized content recommendations,NONE,NONE
Prefer to manage privacy by limiting location data in browser cache,Maintain flexibility in planning based on weather conditions,NONE,NONE
Enhance user engagement and retention,Stream data smoothly without interruptions,NONE,NONE
Manage professional identity,Access saved jobs,NONE,NONE
Discuss difficult problems with friends to understand the solution better.,Adopt a strategic practice approach.,NONE,NONE
Improve user engagement with personalized features,Search for people using a company name and school name,NONE,NONE
Submit job applications,Enhance job search effectiveness,NONE,NONE
Read news online,Integrate with educational and standard reading formats,NONE,NONE
Backup and restore messages when changing phones,Organize and prioritize conversations,NONE,NONE
Ensure user data privacy and security,Prefer job postings matching criteria using AI features for identification.,NONE,NONE
Understand video player options easily,Enable full screen mode for video playback,NONE,NONE
Access saved jobs,Set job preferences,NONE,NONE
Centralize Communication and Information Sharing System,Make video or audio calls more easily,NONE,NONE
Adjust travel plans based on weather conditions.,Consider cloud coverage when planning specific activities,NONE,REFINED BY
Receive job notifications unless they complicate the notification tab,Ensure user privacy and security for job applications function,NONE,NONE
Maintain seamless user experience across devices.,Enable full screen mode for video playback,NONE,REFINED BY
See posts from network,Set job preferences,NONE,NONE
Think of what type of music is needed,Support personalized audio session,NONE,NONE
Find authentic answers to queries,Enhance user engagement through interactive content,NONE,NONE
Facilitate user-friendly content discovery through advanced search features,Enable full screen mode for video playback,NONE,NONE
Define and match necessary skill set to job postings,Enhance application efficiency and tracking,NONE,REFINES
Ensure information security and privacy,Get feedback from interviewees about company hiring processes,NONE,NONE
View hourly weather details for planning daily activities.,Share unusual weather updates on social media.,NONE,NONE
Expand professional network,Enhance user engagement with content,NONE,NONE
Enhance user engagement through social sharing and connectivity.,Review weather alerts and warnings from local authorities or government organizations.,NONE,NONE
Enhance navigation for smaller application window sizes.,Keep updated on departmental and campus discussions,NONE,NONE
Stream data smoothly without interruptions,Access content without interruptions by subscribing to a premium tier,NONE,REFINED BY
Scroll through general information,Provide efficient and user-friendly search functionality,NONE,NONE
Facilitate both personal and communal music experiences,Always have something playing in the background,NONE,NONE
Browse job postings,Enhance job search experience,NONE,REFINES
Facilitate collaborative learning and solution exchange.,Practice coding questions during the interview season.,NONE,NONE
Safeguard user privacy and data integrity,Receive job updates via professional emails.,NONE,NONE
Stay updated with the industry,Review application details,NONE,NONE
Stream data smoothly without interruptions,Facilitate user-friendly content discovery through advanced search features,NONE,NONE
Prevent some viewers from seeing unsuitable content.,"Provide a premium, uninterrupted viewing experience",NONE,NONE
Time oneself on solving coding problems,Enhance coding abilities through structured practice,NONE,NONE
Provide relevant and personalized content,Search for information based on a specific region,NONE,REFINED BY
Access content without interruptions,Facilitate seamless and personalized content discovery,NONE,NONE
Maximize job opportunity exploitation,Send a personalized note with connection requests,NONE,NONE
Consider transportation options based on temperature.,Facilitate decision-making for daily life based on weather.,NONE,REFINES
Switch the temperature unit display from Fahrenheit to Celsius.,Ensure personal safety in severe weather conditions,NONE,NONE
Enable viewers to subscribe to content creators,Ensure content moderation and policy compliance,NONE,NONE
Obtain referrals from current employees for positions at a company,Filter potential connections based on employment status,NONE,NONE
Improve user engagement through personalized and social music experiences,Listen to music to distract from stress,NONE,NONE
Explore ways to make interface elements easier to navigate.,Switch the temperature unit display from Fahrenheit to Celsius.,NONE,NONE
Enhance job search efficiency through personalized features,Ensure timely and efficient job application process,NONE,NONE
Categorize reading material by time,Provide offline access to previously accessed content,NONE,NONE
Encourage Informed Weather-Driven Decision-Making,Consider cloud coverage when planning specific activities,NONE,REFINED BY
Upload a video or start a stream.,Facilitate user-friendly content discovery through advanced search features,NONE,NONE
Navigate aggregator for country-to-country flight pairs,Avoid being logged in to maintain privacy,NONE,NONE
Expand professional network,Engage with network,NONE,NONE
Engage with industry trends,Set job preferences,NONE,NONE
Maintain an updated understanding of flight deal trends,Navigate aggregator for country-to-country flight pairs,NONE,REFINES
Receive job notifications,Explore professional development opportunities,NONE,NONE
Navigate with a smooth user experience,Enable comprehensive user engagement features,NONE,NONE
Scan QR codes for payment transactions,Facilitate user-friendly interaction,NONE,REFINES
Upload a resume,Use profile for job applications,NONE,NONE
Ensure data integrity and user privacy,Send a message to a colleague,NONE,REFINES
Accommodate comparison of alternative routes and services,Make sure flight details work for the schedule,NONE,REFINED BY
Facilitate User Engagement with Tailored Content,Search for answers within communities.,NONE,REFINED BY
Search using vague criteria to find meaningful results,Enhance user engagement and discovery,NONE,REFINES
Search for songs based on emotions or keywords,Maintain a personalized music library,NONE,NONE
Make sure flight details work for the schedule,Enhance flexibility by adapting to changing flight availability,NONE,REFINED BY
Manage applications and notifications effectively.,Receive job updates specific to domain and skill set,NONE,REFINED BY
Expand professional network,Manage professional identity,NONE,NONE
Receive weather updates three times a day,Postpone activities in case of extreme weather conditions.,NONE,NONE
Review weather alerts and warnings from local authorities or government organizations.,Enhance user decision-making with detailed weather data.,NONE,REFINES
Search for specific movie titles or shows,Navigate quickly to continue watching from where I left off,NONE,NONE
Improve content discovery and accessibility,Provide 24-hour notice before streaming begins,NONE,NONE
Track and analyze reading habits or progression,Access and read educational materials from a school portal.,NONE,REFINES
Enhance user experience through premium offerings,Search for people using a company name and school name,NONE,REFINED BY
Receive job notifications unless they complicate the notification tab,Save or organize interesting job postings for later,NONE,NONE
Utilize learning resources effectively.,Finish all questions in a specific category.,NONE,NONE
Facilitate continuous background audio enjoyment,Create and use personal playlists,NONE,NONE
Scroll through a personalized newsfeed,Get more targeted results for a problem,NONE,NONE
Update job seeking status,Enhance job search effectiveness,NONE,REFINES
Explore new algorithms,Facilitate collaborative learning and problem-solving.,NONE,NONE
View hourly weather details for planning daily activities.,Maintain flexibility in planning based on weather conditions,NONE,REFINED BY
Enhance Search Functionality,Increase the number of connections on a professional networking platform,NONE,NONE
Provide timely and accurate weather information,Plan outdoor activities.,NONE,REFINES
Prefer to manage privacy by limiting location data in browser cache,Use weather information to determine if it's suitable for outdoor activities.,NONE,NONE
Like a post,Improve user engagement with content,NONE,NONE
Add a personal message to connection requests,Connect with known individuals,NONE,REFINES
Postpone activities in case of extreme weather conditions.,Check weather forecasts for the entire week for trip planning.,NONE,NONE
Ensure timely delivery of relevant information,Improve management to prevent data from being sold to other parties,NONE,NONE
Enhance personalization of job search experience,Include a quick apply button on job postings.,NONE,REFINED BY
Transfer large files without file size limitations,Enable comprehensive payment activities,NONE,NONE
Link practice directly to career advancement.,Look at solutions if unable to solve a problem after significant effort,NONE,NONE
Time oneself on solving coding problems,Develop problem-solving and analytical skills through diverse techniques,NONE,NONE
Enable seamless file and data management,Scan QR codes for payment transactions,NONE,NONE
Receive job recommendations,Enhance user engagement with content,NONE,NONE
Avoid being logged in to maintain privacy,Find good itineraries and pricing through research,NONE,NONE
Store offline data for later access,Interact with posts related to interests,NONE,NONE
Avoid being logged in to maintain privacy,Make sure flight details work for the schedule,NONE,NONE
Manage job application process,Engage with industry trends,NONE,NONE
Track overall reading progress,Save educational resources for future reference.,NONE,REFINED BY
Search for video content visually,Provide enhanced search and discovery features for user engagement.,NONE,REFINES
Like a post,Enhance network engagement,NONE,NONE
Enable viewers to subscribe to content creators,Search using vague criteria to find meaningful results,NONE,REFINES
Think of what type of music is needed,Enhance user's emotional state using music,NONE,NONE
Access saved job listings,Filter jobs by job titles or locations,NONE,REFINES
Receive job notifications,Receive job recommendations,NONE,EQUIV
Participate in coding contests to improve reading and transformation skills.,Facilitate collaborative learning and solution exchange.,NONE,NONE
Receive important international event updates.,Provide relevant and personalized content,NONE,REFINES
Enable full screen mode for video playback,Ensure content suitability via automated and manual review processes.,NONE,NONE
Provide personalized content recommendations,Search for information based on a specific region,NONE,REFINED BY
Save time by being familiar with the application’s user interface,Try to find the best price for a flight itinerary,NONE,NONE
Navigate quickly to continue watching from where I left off,Expand content diversity to attract wide user demographics,NONE,NONE
Not miss out on important information,Address and handle matrix accounts to reduce irrelevant content,NONE,NONE
Save time by being familiar with the application’s user interface,Optimize travel planning and customization,NONE,NONE
Enhance user experience through personalized job recommendations,Track the application status or employer responsiveness.,NONE,NONE
Participate in coding contests to improve reading and transformation skills.,Practice coding skills to improve daily work performance,NONE,NONE
Adopt a strategic practice approach.,Participate in weekly contests for practice,NONE,REFINED BY
Support diverse formats and sources for reading,Ensure seamless integration with external tools,NONE,REFINED BY
Edit personal profile,Manage job application process,NONE,NONE
Receive job notifications unless they complicate the notification tab,Navigate information about the tech stack more easily.,NONE,NONE
Find good itineraries and pricing through research,Look out for better deals over weeks or days,NONE,REFINED BY
Use a quick email feature to communicate formally,Reach a wide audience immediately using channels.,NONE,FLASE
Protect user privacy and data integrity,Browse daily information,NONE,NONE
Optimize Itinerary through Research and Tools,Maximize time in the air during travel,NONE,REFINED BY
Read news online,Access and read educational materials from a school portal.,NONE,NONE
Manage professional identity,Receive job recommendations,NONE,NONE
Filter jobs by job titles or locations,Indicate open to work status,NONE,NONE
Stream data smoothly without interruptions,Improve user engagement and monetization strategies.,NONE,NONE
Ensure optimal travel experience,Check direct airline websites for better pricing,NONE,NONE
Provide an engaging content discovery experience,Search for specific movie titles or shows,NONE,REFINED BY
Find a good deal when booking flights,Make sure flight details work for the schedule,NONE,NONE
Prefer to manage privacy by limiting location data in browser cache,Facilitate seamless user interface experience across different devices.,NONE,NONE
Interact with posts related to interests,Provide tailored user experiences,NONE,NONE
Prefer to manage privacy by limiting location data in browser cache,Enhance user engagement through social sharing and connectivity.,NONE,NONE
Receive job updates specific to domain and skill set,Prefer job postings matching criteria using AI features for identification.,NONE,REFINED BY
Receive job updates via professional emails.,Efficiently manage user-job interactions to improve engagement,NONE,REFINES
Review weather alerts and warnings from local authorities or government organizations.,Use weather information to determine if it's suitable for outdoor activities.,NONE,REFINES
"Consider employee reviews, current work tasks, and tech stack in job postings.",Enable personalized job search experiences,NONE,REFINES
Like a post,Connect with known individuals,NONE,REFINES
Practice coding questions to improve over time.,Improve overall problem-solving skills,NONE,REFINES
Navigate aggregator for country-to-country flight pairs,Find good itineraries and pricing through research,NONE,REFINES
Avoid cycling when it's very cold.,Provide general weather update upon opening the application.,NONE,NONE
Enable full screen mode for video playback,Facilitate high-quality content creation and sharing.,NONE,NONE
Navigate information about the tech stack more easily.,Track the application status or employer responsiveness.,NONE,NONE
Enhance application efficiency and tracking,Enable personalized job search experiences,NONE,REFINES
Receive job recommendations,Add a personal message to connection requests,NONE,REFINED BY
Keep application details private and avoid exposure to unintended parties.,Enhance personalization of job search experience,NONE,NONE
Enhance job update personalization using technology.,Automatically transfer application details to the company's website.,NONE,REFINED BY
Plan outdoor activities.,Receive real-time updates on weather changes,NONE,REFINED BY
Search for specific movie titles or shows,Enhance user engagement with personalized features,NONE,NONE
Switch the temperature unit display from Fahrenheit to Celsius.,Check the temperature the day before to plan clothing,NONE,NONE
"Consider employee reviews, current work tasks, and tech stack in job postings.",Navigate information about the tech stack more easily.,SYMMETRIC,REFINED BY
Receive job notifications unless they complicate the notification tab,Receive job postings instantly when they are posted,SYMMETRIC,REFINES
Navigate information about the tech stack more easily.,"Consider employee reviews, current work tasks, and tech stack in job postings.",SYMMETRIC,REFINES
Scroll through topics of interest,Scroll through a personalized newsfeed,SYMMETRIC,EQUIV
Apply filters to job searches,Filter jobs by job titles or locations,SYMMETRIC,REFINED BY
